{
    "welcomeFile": "index.html",
    "routes": [
      {
        "path": "/sap/opu/odata",
        "target": {
          "type": "destination",
          "name": "MarturDev",
          "entryPath": "/sap/opu/odata"
        },
        "description": "Martur Dev"
      },
      {
        "path": "/sap/bc/ui5_ui5",
        "target": {
          "type": "destination",
          "name": "MarturDev",
          "entryPath": "/sap/bc/ui5_ui5"
        },
        "description": "Martur Dev"
      },
      {
        "path": "/resources",
        "target": {
          "type": "service",
          "name": "sapui5",
          "entryPath": "/resources",
          "version": "1.102.2"
        },
        "description": "SAPUI5 Resources"
      },
      {
        "path": "/test-resources",
        "target": {
          "type": "service",
          "name": "sapui5",
          "entryPath": "/test-resources",
          "version": "1.102.2"
        },
        "description": "SAPUI5 Test Resources"
      }
    ]
  }