<c:FragmentDefinition
    xmlns="sap.m"
    xmlns:c="sap.ui.core"
    xmlns:f="sap.ui.layout.form"
>
    <Dialog
        draggable="true"
        title="{= ${jsonModel>/dialogEditCreateVariables/addFilePathDialogValues/mode} === 'C' ? ${i18n>addFilePath} : ${i18n>editFilePath}}"
        escapeHandler="._closeDialog"
        class="sapUiContentPadding"
    >
        <content>
            <f:Form
                editable="true"
                ariaLabelledBy="Title1"
            >
                <f:layout>
                    <f:ResponsiveGridLayout
                        labelSpanXL="3"
                        labelSpanL="4"
                        labelSpanM="4"
                        labelSpanS="12"
                        adjustLabelSpan="false"
                        emptySpanXL="4"
                        emptySpanL="3"
                        emptySpanM="0"
                        emptySpanS="0"
                        columnsXL="1"
                        columnsL="1"
                        columnsM="1"
                        singleContainerFullSize="false"
                    />
                </f:layout>
                <f:formContainers>
                    <f:FormContainer>
                        <f:formElements>
                            <f:FormElement label="{i18n>gptType}">
                                <f:fields>
                                    <ComboBox
                                        fieldGroupIds="dialogEditCreateAddFilePathForm"
                                        items="{
                                            path: '/modelListSet'
                                        }"
                                        selectedKey="{
                                            path: 'jsonModel>/dialogEditCreateVariables/addFilePathDialogValues/gptTypeSelectedKey',
                                            type: 'sap.ui.model.type.String',
                                            constraints: {
                                                minLength: 1,
                                                maxLength: 300
                                            }
                                        }"
                                        change="_validateSingleInput"
                                        selectedItem="{jsonModel>/dialogEditCreateVariables/addFilePathDialogValues/gptTypeSelectedItem}"
                                    >
                                        <c:Item
                                            key="{Zgptid}"
                                            text="{Zgpttxt}"
                                        />
                                    </ComboBox>
                                </f:fields>
                            </f:FormElement>
                            <f:FormElement label="{i18n>folderPath}">
                                <f:fields>
                                    <Input
                                        fieldGroupIds="dialogEditCreateAddFilePathForm"
                                        value="{
                                            path: 'jsonModel>/dialogEditCreateVariables/addFilePathDialogValues/folderPathValue',
                                            type: 'sap.ui.model.type.String',
                                            constraints: {
                                                minLength: 1,
                                                maxLength: 300
                                            }
                                        }"
                                        valueState="{jsonModel>/dialogEditCreateVariables/addFilePathDialogValues/folderPathValueState}"
                                        change="onEditCreateFilePathAddFileFolderPathChange"
                                    />
                                </f:fields>
                            </f:FormElement>
                        </f:formElements>
                    </f:FormContainer>
                </f:formContainers>
            </f:Form>
        </content>
        <beginButton>
            <Button
                icon="sap-icon://save"
                text="{i18n>save}"
                type="Accept"
                enabled="{= ${jsonModel>/dialogEditCreateVariables/addFilePathDialogValues/folderPathValueState} === 'None' &amp;&amp; ${jsonModel>/dialogEditCreateVariables/addFilePathDialogValues/folderPathValue} !== undefined}"
                press="onAddFilePathSavePress"
            />
        </beginButton>
        <endButton>
            <Button
                text="{i18n>cancel}"
                press="_closeDialog"
            />
        </endButton>
    </Dialog>
</c:FragmentDefinition>